Sim no.,Mobile No
7042471525,8991101505018449452U
7042471495,8991101505018449460U
7042471494,8991101505018449478U
7042471435,8991101505018449486U
7042471419,8991101505018449494U
7042471397,8991101505018447902U
7042471386,8991101505018447910U
7042471349,8991101505018447928U
7042471195,8991101505018447936U
7042471132,8991101505018447944U
7042470942,8991101505018449254U
7042470517,8991101505018449262U
7042470445,8991101505018449270U
7042470380,8991101505018449288U
7042470367,8991101505018449296U
7042470286,8991101505018448009U
7042470220,8991101505018448017U
7042469970,8991101505018448025U
7042469934,8991101505018448033U
7042469844,8991101505018448041U
7042469819,8991101505018448454U
7042469798,8991101505018448462U
7042469743,8991101505018448470U
7042469703,8991101505018448488U
7042469689,8991101505018448496U
7042469621,8991101505018448355U
7042469616,8991101505018448363U
7042469579,8991101505018448371U
7042469573,8991101505018448389U
7042469563,8991101505018448397U
7042469560,8991101505018448306U
7042469529,8991101505018448314U
7042469516,8991101505018448322U
7042469466,8991101505018448330U
7042469449,8991101505018448348U
7042469428,8991101505018447852U
7042469411,8991101505018447860U
7042469366,8991101505018447878U
7042469363,8991101505018447886U
7042469321,8991101505018447894U
7042469273,8991101505018447050U
7042469081,8991101505018447068U
7042469078,8991101505018447076U
7042469059,8991101505018447084U
7042468993,8991101505018447092U
7042468984,8991101505018447100U
7042468978,8991101505018447118U
7042468976,8991101505018447126U
7042468955,8991101505018447134U
7042468861,8991101505018447142U
7042468798,8991101505018448108U
7042468746,8991101505018448116U
7042468742,8991101505018448124U
7042468736,8991101505018448132U
7042468711,8991101505018448140U
7042468621,8991101505018448058U
7042468561,8991101505018448066U
7042468548,8991101505018448074U
7042468539,8991101505018448082U
7042468538,8991101505018448090U
7042468523,8991101505018447951U
7042468428,8991101505018447969U
7042468422,8991101505018447977U
7042468417,8991101505018447985U
7042468399,8991101505018447993U
7042468392,8991101505018447803U
7042468387,8991101505018447811U
7042468364,8991101505018447829U
7042468357,8991101505018447837U
7042468349,8991101505018447845U
7042468298,8991101505018448157U
7042468278,8991101505018448165U
7042468259,8991101505018448173U
7042468243,8991101505018448181U
7042468209,8991101505018448199U
7042468176,8991101505018449551U
7042468137,8991101505018449569U
7042468124,8991101505018449577U
7042468113,8991101505018449585U
7042468094,8991101505018449593U
7042468070,8991101505018448652U
7042468057,8991101505018448660U
7042468047,8991101505018448678U
7042468036,8991101505018448686U
7042468027,8991101505018448694U
7042468010,8991101505018448405U
7042468001,8991101505018448413U
7042467997,8991101505018448421U
7042467943,8991101505018448439U
7042467931,8991101505018448447U
7042467909,8991101505018448603U
7042467899,8991101505018448611U
7042467890,8991101505018448629U
7042467844,8991101505018448637U
7042467782,8991101505018448645U
7042467717,8991101505018449502U
7042467654,8991101505018449510U
7042467629,8991101505018449528U
7042467606,8991101505018449536U
7042467551,8991101505018449544U
